start_id,start_vertex_type,end_id,end_vertex_type
1,form,118,form
1,form,133,form
2,form,117,form
4,form,290,form
7,form,129,form
7,form,130,form
7,form,131,form
7,form,141,form
7,form,146,form
8,form,141,form
8,form,146,form
9,form,141,form
9,form,146,form
10,form,141,form
10,form,146,form
11,form,13,form
11,form,142,form
11,form,143,form
11,form,144,form
11,form,145,form
12,form,13,form
12,form,142,form
12,form,143,form
12,form,144,form
12,form,145,form
13,form,13,form
13,form,142,form
13,form,143,form
13,form,144,form
13,form,145,form
14,form,13,form
14,form,142,form
14,form,143,form
14,form,144,form
14,form,145,form
15,form,13,form
15,form,142,form
15,form,143,form
15,form,144,form
15,form,145,form
16,form,13,form
16,form,142,form
16,form,143,form
16,form,144,form
16,form,145,form
18,form,141,form
18,form,146,form
20,form,11,form
20,form,12,form
20,form,13,form
20,form,15,form
20,form,16,form
20,form,142,form
20,form,143,form
20,form,144,form
20,form,145,form
21,form,147,form
21,form,148,form
21,form,149,form
21,form,150,form
21,form,151,form
21,form,152,form
21,form,153,form
21,form,154,form
21,form,155,form
21,form,156,form
21,form,157,form
21,form,158,form
21,form,159,form
21,form,160,form
21,form,161,form
21,form,162,form
21,form,163,form
21,form,164,form
21,form,165,form
21,form,166,form
21,form,167,form
21,form,168,form
21,form,169,form
22,form,20,form
22,form,21,form
22,form,23,form
22,form,24,form
22,form,25,form
22,form,27,form
22,form,26,form
22,form,147,form
22,form,148,form
22,form,149,form
22,form,150,form
22,form,151,form
22,form,152,form
22,form,153,form
22,form,154,form
22,form,155,form
22,form,156,form
22,form,157,form
22,form,158,form
22,form,159,form
22,form,160,form
22,form,161,form
23,form,25,form
23,form,27,form
23,form,148,form
23,form,149,form
24,form,148,form
24,form,149,form
25,form,147,form
25,form,148,form
25,form,149,form
25,form,150,form
25,form,151,form
25,form,152,form
25,form,153,form
25,form,154,form
25,form,155,form
25,form,156,form
25,form,157,form
25,form,158,form
25,form,159,form
25,form,160,form
25,form,161,form
25,form,162,form
25,form,163,form
25,form,164,form
25,form,165,form
25,form,166,form
25,form,167,form
25,form,168,form
25,form,169,form
26,form,147,form
26,form,148,form
26,form,149,form
26,form,150,form
26,form,151,form
26,form,152,form
26,form,153,form
26,form,154,form
26,form,155,form
26,form,156,form
26,form,157,form
26,form,158,form
26,form,159,form
26,form,160,form
26,form,161,form
26,form,162,form
26,form,163,form
26,form,164,form
26,form,165,form
26,form,166,form
26,form,167,form
26,form,168,form
26,form,169,form
27,form,152,form
27,form,153,form
27,form,154,form
27,form,155,form
27,form,156,form
29,form,170,form
30,form,170,form
31,form,170,form
32,form,170,form
33,form,170,form
35,form,171,form
35,form,172,form
35,form,173,form
35,form,174,form
35,form,175,form
35,form,176,form
35,form,177,form
35,form,178,form
35,form,179,form
35,form,180,form
35,form,207,form
35,form,181,form
35,form,183,form
35,form,184,form
36,form,171,form
36,form,172,form
36,form,173,form
36,form,174,form
36,form,175,form
36,form,176,form
36,form,177,form
36,form,178,form
36,form,179,form
36,form,180,form
36,form,207,form
36,form,181,form
36,form,183,form
36,form,184,form
37,form,171,form
37,form,172,form
37,form,173,form
37,form,174,form
37,form,175,form
37,form,176,form
37,form,177,form
37,form,178,form
37,form,179,form
37,form,180,form
37,form,207,form
37,form,181,form
37,form,183,form
37,form,184,form
38,form,171,form
38,form,172,form
38,form,173,form
38,form,174,form
38,form,175,form
38,form,176,form
38,form,177,form
38,form,178,form
38,form,179,form
38,form,180,form
38,form,207,form
38,form,181,form
38,form,183,form
38,form,184,form
39,form,171,form
39,form,172,form
39,form,173,form
39,form,174,form
39,form,175,form
39,form,176,form
39,form,177,form
39,form,178,form
39,form,179,form
39,form,180,form
39,form,207,form
39,form,181,form
39,form,183,form
39,form,184,form
40,form,171,form
40,form,172,form
40,form,173,form
40,form,174,form
40,form,175,form
40,form,176,form
40,form,177,form
40,form,178,form
40,form,179,form
40,form,180,form
40,form,207,form
40,form,181,form
40,form,183,form
40,form,184,form
41,form,171,form
41,form,172,form
41,form,173,form
41,form,174,form
41,form,175,form
41,form,176,form
41,form,177,form
41,form,178,form
41,form,179,form
41,form,180,form
41,form,207,form
41,form,181,form
41,form,183,form
41,form,184,form
41,form,252,form
41,form,253,form
41,form,254,form
42,form,171,form
42,form,172,form
42,form,173,form
42,form,174,form
42,form,175,form
42,form,176,form
42,form,177,form
42,form,178,form
42,form,179,form
42,form,180,form
42,form,207,form
42,form,181,form
42,form,183,form
42,form,184,form
43,form,171,form
43,form,172,form
43,form,173,form
43,form,174,form
43,form,175,form
43,form,176,form
43,form,177,form
43,form,178,form
43,form,179,form
43,form,180,form
43,form,207,form
43,form,181,form
43,form,183,form
43,form,184,form
44,form,185,form
44,form,186,form
44,form,187,form
44,form,188,form
44,form,189,form
44,form,190,form
52,form,8,form
52,form,9,form
52,form,9,form
52,form,10,form
52,form,18,form
52,form,141,form
52,form,146,form
55,form,205,form
55,form,206,form
56,form,207,form
58,form,211,form
58,form,212,form
58,form,213,form
58,form,214,form
58,form,215,form
58,form,216,form
59,form,211,form
59,form,212,form
59,form,213,form
59,form,214,form
59,form,215,form
59,form,216,form
60,form,211,form
60,form,212,form
60,form,213,form
60,form,214,form
60,form,215,form
60,form,216,form
61,form,211,form
61,form,212,form
61,form,213,form
61,form,214,form
61,form,215,form
61,form,216,form
63,form,217,form
63,form,218,form
63,form,219,form
63,form,220,form
63,form,221,form
63,form,222,form
63,form,223,form
63,form,224,form
63,form,225,form
64,form,63,form
64,form,64,form
64,form,65,form
64,form,67,form
64,form,68,form
64,form,69,form
64,form,70,form
64,form,71,form
64,form,72,form
64,form,217,form
64,form,218,form
64,form,219,form
64,form,220,form
64,form,221,form
64,form,222,form
64,form,223,form
64,form,224,form
64,form,225,form
65,form,217,form
65,form,218,form
65,form,219,form
65,form,220,form
65,form,221,form
65,form,222,form
65,form,223,form
65,form,224,form
65,form,225,form
67,form,217,form
67,form,218,form
67,form,219,form
67,form,220,form
67,form,221,form
67,form,222,form
67,form,223,form
67,form,224,form
67,form,225,form
68,form,211,form
68,form,212,form
68,form,213,form
68,form,214,form
68,form,215,form
68,form,216,form
69,form,211,form
69,form,212,form
69,form,213,form
69,form,214,form
69,form,215,form
69,form,216,form
70,form,211,form
70,form,212,form
70,form,213,form
70,form,214,form
70,form,215,form
70,form,216,form
71,form,211,form
71,form,212,form
71,form,213,form
71,form,214,form
71,form,215,form
71,form,216,form
72,form,211,form
72,form,212,form
72,form,213,form
72,form,214,form
72,form,215,form
72,form,216,form
73,form,232,form
73,form,233,form
73,form,229,form
73,form,230,form
73,form,235,form
78,form,242,form
78,form,243,form
78,form,244,form
78,form,245,form
78,form,246,form
79,form,242,form
79,form,243,form
79,form,244,form
79,form,245,form
79,form,246,form
80,form,247,form
80,form,248,form
81,form,83,form
81,form,250,form
86,form,252,form
86,form,253,form
86,form,254,form
86,form,255,form
86,form,256,form
86,form,257,form
86,form,258,form
86,form,259,form
86,form,260,form
86,form,261,form
86,form,262,form
86,form,263,form
86,form,264,form
86,form,265,form
86,form,266,form
86,form,267,form
86,form,268,form
86,form,269,form
86,form,270,form
86,form,271,form
87,form,252,form
87,form,253,form
87,form,254,form
87,form,255,form
87,form,256,form
87,form,257,form
87,form,258,form
87,form,259,form
87,form,260,form
87,form,261,form
87,form,262,form
87,form,263,form
87,form,264,form
87,form,265,form
87,form,266,form
87,form,267,form
87,form,268,form
87,form,269,form
87,form,270,form
87,form,271,form
88,form,252,form
88,form,253,form
88,form,254,form
88,form,255,form
88,form,256,form
88,form,257,form
88,form,258,form
88,form,259,form
88,form,260,form
88,form,261,form
88,form,262,form
88,form,263,form
88,form,264,form
88,form,265,form
88,form,266,form
88,form,267,form
88,form,268,form
88,form,269,form
88,form,270,form
88,form,271,form
89,form,252,form
89,form,253,form
89,form,254,form
89,form,255,form
89,form,256,form
89,form,257,form
89,form,258,form
89,form,259,form
89,form,260,form
89,form,261,form
89,form,262,form
89,form,263,form
89,form,264,form
89,form,265,form
89,form,266,form
89,form,267,form
89,form,268,form
89,form,269,form
89,form,270,form
89,form,271,form
90,form,252,form
90,form,253,form
90,form,254,form
90,form,255,form
90,form,256,form
90,form,257,form
90,form,258,form
90,form,259,form
90,form,260,form
90,form,261,form
90,form,262,form
90,form,263,form
90,form,264,form
90,form,265,form
90,form,266,form
90,form,267,form
90,form,268,form
90,form,269,form
90,form,270,form
90,form,271,form
91,form,252,form
91,form,253,form
91,form,254,form
91,form,255,form
91,form,256,form
91,form,257,form
91,form,258,form
91,form,259,form
91,form,260,form
91,form,261,form
91,form,262,form
91,form,263,form
91,form,264,form
91,form,265,form
91,form,266,form
91,form,267,form
91,form,268,form
91,form,269,form
91,form,270,form
91,form,271,form
92,form,252,form
92,form,253,form
92,form,254,form
92,form,255,form
92,form,256,form
92,form,257,form
92,form,258,form
92,form,259,form
92,form,260,form
92,form,261,form
92,form,262,form
92,form,263,form
92,form,264,form
92,form,265,form
92,form,266,form
92,form,267,form
92,form,268,form
92,form,269,form
92,form,270,form
92,form,271,form
93,form,252,form
93,form,253,form
93,form,254,form
93,form,255,form
93,form,256,form
93,form,257,form
93,form,258,form
93,form,259,form
93,form,260,form
93,form,261,form
93,form,262,form
93,form,263,form
93,form,264,form
93,form,265,form
93,form,266,form
93,form,267,form
93,form,268,form
93,form,269,form
93,form,270,form
93,form,271,form
94,form,252,form
94,form,253,form
94,form,254,form
94,form,255,form
94,form,256,form
94,form,257,form
94,form,258,form
94,form,259,form
94,form,260,form
94,form,261,form
94,form,262,form
94,form,263,form
94,form,264,form
94,form,265,form
94,form,266,form
94,form,267,form
94,form,268,form
94,form,269,form
94,form,270,form
94,form,271,form
95,form,252,form
95,form,253,form
95,form,254,form
95,form,255,form
95,form,256,form
95,form,257,form
95,form,258,form
95,form,259,form
95,form,260,form
95,form,261,form
95,form,262,form
95,form,263,form
95,form,264,form
95,form,265,form
95,form,266,form
95,form,267,form
95,form,268,form
95,form,269,form
95,form,270,form
95,form,271,form
96,form,252,form
96,form,253,form
96,form,254,form
96,form,255,form
96,form,256,form
96,form,257,form
96,form,258,form
96,form,259,form
96,form,260,form
96,form,261,form
96,form,262,form
96,form,263,form
96,form,264,form
96,form,265,form
96,form,266,form
96,form,267,form
96,form,268,form
96,form,269,form
96,form,270,form
96,form,271,form
99,form,284,form
99,form,285,form
99,form,286,form
99,form,287,form
99,form,288,form
100,form,289,form
100,form,290,form
100,form,105,form
100,form,291,form
101,form,289,form
101,form,290,form
101,form,105,form
101,form,291,form
102,form,289,form
102,form,290,form
102,form,105,form
102,form,291,form
103,form,289,form
103,form,290,form
103,form,105,form
103,form,291,form
104,form,289,form
104,form,290,form
104,form,105,form
104,form,291,form
105,form,289,form
105,form,290,form
105,form,105,form
105,form,291,form
107,form,284,form
107,form,285,form
107,form,286,form
107,form,287,form
107,form,288,form
108,form,284,form
108,form,285,form
108,form,286,form
108,form,287,form
108,form,288,form
109,form,284,form
109,form,285,form
109,form,286,form
109,form,287,form
109,form,288,form
110,form,284,form
110,form,285,form
110,form,286,form
110,form,287,form
110,form,288,form
111,form,295,form
111,form,296,form
112,form,295,form
112,form,296,form
132,form,128,form
141,form,146,form
143,form,146,form
144,form,144,form
150,form,151,form
154,form,155,form
156,form,156,form
185,form,187,form
185,form,188,form
186,form,188,form
189,form,190,form
212,form,264,form
212,form,265,form
231,form,235,form
231,form,232,form
231,form,233,form
235,form,236,form
235,form,237,form
276,form,283,form
282,form,283,form
